,title,subtitle,link
0,HOME TRUTHS,Christine McGuinness reveals reason she stayed in 'unhappy' marriage to Paddy,https://www.thesun.co.uk/tv/21602251/christine-mcguinness-unhappy-marriage-top-gear-paddy/
1,'WE BLAME MI5',Families of victims killed in Manchester Arena terror attack to sue MI5,https://www.thesun.co.uk/news/21601992/manchester-arena-attack-families-sue-mi5/
2,DYSON TAX BLAST,Sir James Dyson warns Jeremy Hunt against double tax grab on business,https://www.thesun.co.uk/news/21602147/james-dyson-blasts-ministers-business-taxes-economy/
3,FIND ELLIE,"Frantic four-day hunt for missing schoolgirl, 13, as fears grow for safety",https://www.thesun.co.uk/news/21603518/frantic-hunt-missing-scots-schoolgirl-fears-grow/
4,TELLY TREAT,ITV confirms new series of hit Sunday night show,https://www.thesun.co.uk/tv/21601391/dancing-on-ice-back-16th-series/
5,'IRRESPONSIBLE',Prince Harry shouldn't have praised Class A drug which killed my niece,https://www.thesun.co.uk/news/21602231/prince-harry-drug-ayahuasca-woman-died/
6,THE SUN SAYS,James Dyson is right to urge Hunt to abandon suicidal hike in corporation tax,https://www.thesun.co.uk/news/21602585/james-dyson-chancellor-jeremy-hunt-suicidal-hike-corporation-tax/
7,MAGIC MUM,Treat Mum to something special this Mother's Day gift ideas from £23,https://www.thesun.co.uk/fabulous/21448122/treat-mum-mothers-day-gift/
8,REVIEW,Best online casinos in the UK: Top 10 casino sites for 2023,https://www.thesun.co.uk/betting/20803800/the-best-online-casinos-in-the-uk/
9,DEAR DEIDRE,Husband won't talk to me after I found messages he sent on gay dating app,https://www.thesun.co.uk/dear-deidre/21600613/husband-messages-gay-dating-app/
10,SOU HAVING A LAUGH?,Keane and Neville made to eat words after mocking Souness' prediction,https://www.thesun.co.uk/sport/21600171/man-utd-liverpool-keane-neville-souness-prediction/
11,BOJO 'KNIGHTS' DAD,Boris Johnson 'put father up for knighthood in honours list',https://www.thesun.co.uk/news/21603456/boris-johnson-father-stanley-knighthood-resignation/
12,ROYAL RINSE,Harry & Meghan to be ridiculed again in another TV comedy — over the Coronation,https://www.thesun.co.uk/fabulous/21602349/harry-meghan-ridiculed-tv-comedy-coronation/
13,EMERGENCY,McFly and Strictly star Tom Fletcher rushes son to hospital in A&E dash,https://www.thesun.co.uk/tvandshowbiz/21603041/mcfly-strictly-star-tom-fletcher-rushes-son-hospital/
14,GLOW UP,Save 25% off Feel's Pro Collagen and reduce fine lines and wrinkles in just 28 days,https://www.thesun.co.uk/health/21145337/feel-pro-collagen-discount-code/
15,THAT'S MY GILL,Amber Gill proudly kisses Jen Beattie days after going public with romance,https://www.thesun.co.uk/tvandshowbiz/21602125/love-island-amber-gill-kiss-girlfriend-jen-beattie/
16,STRIKE OUT,Union calls off ambulance strikes due today to enter pay talks with Government,https://www.thesun.co.uk/health/21602906/unite-union-ambulance-strikes-iengland-hold/
17,RISHI'S VISION,UK to become a tech superpower by 2030 under Rishi Sunak's £360m plan,https://www.thesun.co.uk/news/21602972/uk-tech-science-superpower-2030-plan-rishi-sunak/
18,SAM'S AGONY,Sam Fox's sister dies after being rushed to hospital following heart attack,https://www.thesun.co.uk/tvandshowbiz/21599489/sam-fox-sister-vanessa-dies/
19,FROZEN VEG,Harsh winter set to worsen UK's food shortages as crucial crops suffer in freeze,https://www.thesun.co.uk/money/21601956/harsh-winter-worsens-veg-shortage-weather-freezes-crops/
20,TEEN DEATH,"Mystery as girl, 16, dies after 'falling unwell' at home sparking police probe",https://www.thesun.co.uk/news/21603492/tributes-paid-beautiful-girl-dies-falling-unwell/
21,REFUGES CASH VOW,Sir Keir Starmer vows to hike funding for women's refuges if he becomes PM,https://www.thesun.co.uk/news/21603026/keir-starmer-increase-spending-underfunded-womens-refuges-pm/
22,MEG-A RIP,Comedian Chris Rock rips into Meghan Markle during his Netflix live show,https://www.thesun.co.uk/fabulous/21602100/chris-rock-mocks-meghan-markle-netflix/
23,MURDER PROBE,"Woman found dead after 'serious assault' as man, 30, arrested for 'murder'",https://www.thesun.co.uk/news/21600236/woman-found-dead-serious-assault-man-arrested/
24,CORONATION STREET,"Win an amazing street party worth £5,000 for King Charles' coronation",https://www.thesun.co.uk/fabulous/21596571/win-street-party-king-charles-coronation/
25,BRUTAL WAR,Putin's forces abduct children in the 'tens of thousands' as Russian losses soar,https://www.thesun.co.uk/news/20888209/ukraine-news-latest-war-russia-putin/
26,ROYAL MAIL,Harry & Meghan invited by email to King Charles' coronation,https://www.thesun.co.uk/fabulous/21365621/prince-harry-news-meghan-markle-king-charles-coronation-concert/
27,ICE ICE BABY,Siva & Mollie sent home in Dancing on Ice dumping as Joey Essex reaches final,https://www.thesun.co.uk/tv/21598101/dancing-on-ice-2023-live-contestants/
28,OH MAYA GOD,Love Island's Maya Jama shows off her amazing curves in skintight white dress,https://www.thesun.co.uk/tv/21602831/love-island-maya-jama-amazing-curves-skintight-dress/
29,RING OF TRUTH,EKin Su and Davide break their silence on engagement rumours,https://www.thesun.co.uk/tv/21602970/ekin-su-and-davide-break-their-silence-on-engagement/
30,FIGHT NIGHT,Lana and Rosie row as Love Island tensions explode after Ron & Casey's clash,https://www.thesun.co.uk/tv/21599112/lana-rosie-bicker-love-island-ron-casey-row/
31,HOLLYWOOD GLAM,Love Island host Maya Jama stuns in plunging hooded thigh-split dress,https://www.thesun.co.uk/tv/21602620/love-island-host-maya-jama-looks-incredible/
32,LOVE HURTS,Love Island fans say the same thing about Rosie as tensions rise in the villa,https://www.thesun.co.uk/tv/20652934/love-island-2023-winter-live-cast/
33,TREVOR KAVANAGH,Chancellor should listen to Sir James Dyson when he warns against tax hikes,https://www.thesun.co.uk/news/21602402/jeremy-hunt-sir-james-dyson-tax-hikes-businesses-uk/
34,'MURDER' TRAGEDY,Murder probe launched after woman found dead as man known to her arrested,https://www.thesun.co.uk/news/21603333/murder-probe-launched-woman-found-dead/
35,BORDER BID,Illegal migrants face lifetime ban on returning to UK in small boats crackdown,https://www.thesun.co.uk/news/21602811/illegal-migrants-lifetime-ban-returning-uk-new-crackdown-crisis/
36,PARKED OFF,Strict parking rules are turning our beautiful seaside resort into a ghost town,https://www.thesun.co.uk/motors/21578598/strict-parking-rules-ghost-town/
37,'DISASTER',Channel 4 star reveals scenes were edited on new show to tone down arguments,https://www.thesun.co.uk/tv/21600881/fred-sirieix-show-freds-last-resort-scenes-cut-disaster/
38,STALKER FEARS,Cheryl hires security after 'disgusting' threats left by stalker at theatre,https://www.thesun.co.uk/tvandshowbiz/21602118/cheryl-bodyguards-sick-threats-theatre/
39,DEADLY SMASH,Teen killed & four hurt in horror crash after car smashed into a tree,https://www.thesun.co.uk/news/21602378/teen-killed-four-hurt-crash-car-smashed-into-tree/
40,CORRIE ON!,Corrie star who played beauty Alina shares new career move two years after soap,https://www.thesun.co.uk/tv/21599570/coronation-street-alina-pop-actress-quitting/
41,BUBLE'S BURST,Michael Buble reveals what Paul McCartney & Robbie William are really like,https://www.thesun.co.uk/tvandshowbiz/21600889/michael-buble-loved-to-party-hard-peak-condition/
42,LIME LIGHT,"We fork out £1,000 a year to clean up after council trees that block our windows",https://www.thesun.co.uk/money/21599627/darkness-clean-massive-council-trees/
43,MUM'S PAIN,My baby had a three-hour seizure - doctors say she won't live past childhood,https://www.thesun.co.uk/health/21584142/mum-shares-agonising-story-little-girl/
44,ROUND AND HOUND,Family pooch dragged half a mile after lead got trapped in bus doors,https://www.thesun.co.uk/news/21601579/family-pooch-dragged-half-mile-trapped-bus-dog/
45,TRAGIC CRASH,"Man, 18, killed after Vauxhall crashes into parked cars as cops arrest 2 teens",https://www.thesun.co.uk/news/21598535/man-killed-vauxhall-crashes-cops-arrest-teens/
46,SCARY STUFF,Our once-busy high street is now a ghost town… shops have been empty for months,https://www.thesun.co.uk/money/21602288/ghost-town-where-shops-have-been-empty-for-months/
47,NOT LOVIN' IT,UK McDonald's is so dangerous it needs a bouncer… yobs throw FIREWORKS inside,https://www.thesun.co.uk/news/21601986/uks-worst-mcdonalds-bouncer-fireworks/
48,LIVERPOOL 7 MAN UTD 0,Humiliation for Ten Hag's side after biggest Prem defeat EVER,https://www.thesun.co.uk/sport/21600391/liverpool-man-utd-report-gakpo-nunez-salah-firmino/
49,RED DEVILS,Man Utd stars in row during middle of Liverpool clash as players turn on Dalot,https://www.thesun.co.uk/sport/21600555/man-utd-liverpool-ten-hag-dalot/
50,FOREST 2 EVERTON 2,Johnson scores sublime double as Prem relegation battle ends in draw,https://www.thesun.co.uk/sport/21580353/nottingham-forest-everton-live-score-result-stream-watch-premier-league-online/
51,HORROR SHOW,Fans throw firecrackers and KNIFE after team attacked on pitch during warm-up,https://www.thesun.co.uk/sport/21602431/turkey-fans-firecrackers-knife-video-bursaspor-amedspor/
52,BONUS,Best no-deposit bonuses: Top no-deposit casinos for 2023,https://www.thesun.co.uk/betting/21007381/best-no-deposit-casino-bonuses/
53,ESPECIALLY FOR WOOO,Kylie & Jason reunite for new show 37yrs after Neighbours,https://www.thesun.co.uk/tv/21601755/kylie-minogue-jason-donovan-reuniting-bbc-neighbours/
54,ON THE MEND,Dan Walker fans all say same thing as he reveals face two weeks after accident,https://www.thesun.co.uk/tv/21600982/dan-walker-fans-all-say-the-same-thing/
55,SAD LOSS,Dancing On Ice star Vanessa Bauer breaks down in tears on live TV,https://www.thesun.co.uk/tv/21601913/dancing-on-ice-vanessa-bauer-tears-dad-death/
56,SCORE OUTRAGE,Dancing On Ice in fix row as furious fans accuse judges of 'rigging' show,https://www.thesun.co.uk/tv/21601607/dancing-on-ice-fix-row-rigging-undermarked/
57,FALLING ON ICE,Dancing On Ice fans horrified as semi-finalist suffers brutal fall,https://www.thesun.co.uk/tv/21601310/dancing-on-ice-fans-horrified-star-brutal-fall/
58,GLOWING,Pregnant Gogglebox star Scarlett Moffatt looks stunning as she shows baby bump,https://www.thesun.co.uk/tv/21600014/pregnant-gogglebox-star-scarlett-moffatt-bump/
59,SHOCKER,Dancing On Ice fans all say the same thing after savage double elimination,https://www.thesun.co.uk/tv/21601923/dancing-on-ice-fans-all-say-the-same-thing/
60,NAKED TRUTH,Axed Celebrity Gogglebox star reveals she was sacked after nudity row,https://www.thesun.co.uk/tv/21601067/axed-celebrity-gogglebox-star-sacked-nudity-row/
61,WW3 FEARS,"US is 'not well prepared' for war with China over Taiwan, expert warns",https://www.thesun.co.uk/news/21603451/us-not-prepared-war-china-taiwan/
62,TRAGIC FIND,Cops searching for man who disappeared near river find human remains,https://www.thesun.co.uk/news/21601568/cops-searching-missing-man-human-remains/
63,FOOD FIGHT,Our beautiful village is being RUINED by McDonald's & KFC - we want them gone,https://www.thesun.co.uk/news/21602605/beautiful-village-ruined-mcdonalds-kfc/
64,VLAD’S IMPALERS,Russian soldiers sent into battle with SHOVELS in '19th century tactics',https://www.thesun.co.uk/news/21601519/russian-soldiers-ordered-into-battle-with-shovels/
65,TERRIFYING ATTACK,Horror as thugs throw brick through windscreen of car with BABY on board,https://www.thesun.co.uk/news/21602048/thugs-throw-brick-bridge-through-windscreen-family-car/
66,FLING FANATIC,I had affair with married man & don't regret it - I never thought about wife,https://www.thesun.co.uk/fabulous/21600884/affair-married-man-never-thought-about-wife/
67,MYSTIC MEG,Luck can link to someone with a new name,https://www.thesun.co.uk/fabulous/horoscopes/21596608/horoscope-today-daily-star-sign-mystic-meg-march-6-2023/
68,HAVE A PIZZA THIS,I'm a nutritionist & you can eat pizza on a diet - here's my simple hacks,https://www.thesun.co.uk/health/21489613/nutritionist-healthiest-eat-pizza-tastes-great/
69,NOT RAD,The Radfords reveal secret that nearly ended their marriage & left them bankrupt,https://www.thesun.co.uk/fabulous/21581247/the-radfords-reveal-secret-nearly-ended-marriage-almost-bankrupt/
70,SCHOOL RULES,I have to walk sideways in the school playground because of my rude leg tatts,https://www.thesun.co.uk/fabulous/21598537/mum-walk-sideways-school-playground-rude-leg-tattoos/
71,WHEELIE EXPENSIVE,Inside £8m lotto winner's car collection as he's blown half in 5 MONTHS,https://www.thesun.co.uk/motors/21600557/lottery-winners-incredible-car-collection-blows-half/
72,TAXING TIMES,"Drivers won't accept being 'cash cows', warned Hunt as he mulls fuel duty hike",https://www.thesun.co.uk/motors/21602865/drivers-cash-cows-jeremy-hunt-raise-duty-budget/
73,ZONED OUT,Major ULEZ change could see drivers targeted in new ways - all you need to know,https://www.thesun.co.uk/motors/21602804/major-change-ulez-charges-drivers-targeted/
74,ROAD RAGE,We live on one of the UK's WORST roads - bad parking makes our lives a misery,https://www.thesun.co.uk/motors/21601402/parking-horrors-costing-us-thousands/
75,DOUBLE STANDARDS,Karen parks across two bays and then accuses driver of scratching her car,https://www.thesun.co.uk/motors/21582857/watch-this-karen-park-across-two-bays/
76,FRINGE FESTIVAL,Stars dress up as Claudia Winkleman for Comic Relief - can you guess who?,https://www.thesun.co.uk/tv/21601507/stars-dress-up-claudia-winkleman-comic-relief/
77,OLIVIA’S AGLOW,"Olivia Culpo, 30, wows in tie-dye bikini as she soaks up the sun by the pool",https://www.thesun.co.uk/tvandshowbiz/21601782/model-olivia-culpo-wows-tie-dye-bikini/
78,BACK TO NORMAL,Molly-Mae Hague looks glam with Tommy Fury as they head out with Bambi,https://www.thesun.co.uk/tv/21600460/molly-mae-hague-tommy-fury-head-out/
79,GOOD VORD,Carol Vorderman looks incredible in tight gym gear while lifting weights,https://www.thesun.co.uk/tv/21599367/carol-vorderman-tight-gym-gear-lifting-weights/
80,TIME TO CHANGE,Vanessa Feltz's cheating ex reveals career move after vowing to win her back,https://www.thesun.co.uk/tvandshowbiz/21598833/vanessa-feltz-cheating-ex-ben-ofoedu-dumped/
81,SPRING CLEANING,Amazon slashes cost of Eufy robot vacuum cleaner by 34% in March deal,https://www.thesun.co.uk/tech/21567924/amazon-eufy-robot-vacuum-cleaner-march-deal/
82,SOUNDS GOODIE,Oodie sale UK: The best Oodie deals for March 2023,https://www.thesun.co.uk/sun-selects/21461141/oodie-sale/
83,LOVE YOU MUM,51 best Mother’s Day gifts for 2023 to show how much you care,https://www.thesun.co.uk/fabulous/14064429/mothers-day-gifts-uk/
84,GLASSED FROM PAST,I’m a booze expert & Babycham isn’t the only 70s tipple making comeback,https://www.thesun.co.uk/fabulous/food/21601275/booze-expert-babycham-classic-70s-comeback/
85,COST CUT,Five ways to save on train tickets as prices rise by 5.9% from today,https://www.thesun.co.uk/money/21599939/train-tickets-ways-to-save-money/
86,WHAT A CHOC,Massive change set to completely overhaul how your fav chocolate bar looks,https://www.thesun.co.uk/money/21600507/massive-change-to-your-favourite-chocolate-bar/
87,YOU'RE HIRED,How a simple change can boost your chances of passing a job interview,https://www.thesun.co.uk/fabulous/21601195/boost-job-interview-chances-tip/
88,SUN SAVERS,Five money-saving tips for making a delicious but affordable pie for dinner,https://www.thesun.co.uk/money/21596639/national-pie-week-tips/
89,CASING THE POINT,I'm an airline employee - here are types of travel bags you need to avoid,https://www.thesun.co.uk/travel/21599803/airline-employee-types-travel-bags-to-avoid/
90,SEA-ING IS BELIEVING,Inside UK's 'BEST' seaside town - with award-winning beaches,https://www.thesun.co.uk/travel/21602983/uks-best-seaside-town-award-winning-beaches-pier/
91,READY FOR TAKEOFF,What you need to know about using Bluetooth on a plane,https://www.thesun.co.uk/travel/19467028/use-bluetooth-on-plane/
92,EAT RIGHT,"The 3 big mistakes Brits make when cooking Italian food, reveals Tuscan chef",https://www.thesun.co.uk/travel/21503468/big-mistakes-italian-food-cooking-best-tips-expert/
93,VERY HANDY,Four things you should never pack in your suitcase,https://www.thesun.co.uk/travel/21571426/four-things-suitcase-hand-luggage/
94,TRANSPLANT SHOCK,I'm waiting for double hand transplant & turned down replacements from man,https://www.thesun.co.uk/health/21602472/waiting-double-hand-transplant-turned-down/
95,TEA POTTY,"Young adults are more likely to enjoy a cup of tea than a beer, study finds",https://www.thesun.co.uk/news/21601080/young-adults-tea-alcohol-study/
96,'HORRIBLE ORDEAL',I had gastric sleeve surgery in Turkey - now I to eat through a tube,https://www.thesun.co.uk/health/21599271/gastric-sleeve-turkey-feeding-tube/
97,EAT UP,I'm a mum & nutritionist - here's 6 simple ways to take the stress out of weaning,https://www.thesun.co.uk/health/21545307/nutritionist-tips-for-weaning-baby/
98,MY AGONY,I had deadly silent cancer & planned my funeral but a cold nearly killed me,https://www.thesun.co.uk/health/21502399/deadly-cancer-planning-funeral-survivors-guilt/
99,STARS IN THEIR AI'S,Children' of stars created by AI - can you guess the famous parents?,https://www.thesun.co.uk/tech/21598128/pictures-super-realistic-children-stars-ai/
100,TAP OF THE MORNING,Genius iPhone trick that will change your mornings forever,https://www.thesun.co.uk/tech/21602917/iphone-trick-morning-siri-sleep-alarm/
101,WATCH OUT,Amazon and Shein fans warned of ‘unsafe’ cheap Apple knock-offs - do YOU own one?,https://www.thesun.co.uk/tech/21558907/amazon-shein-unsafe-cheap-apple-knock-offs/
102,TIME TRAVEL,Inside the VR app that shows you flashbacks like something out of Black Mirror,https://www.thesun.co.uk/tech/21572657/virtual-reality-relive-memories-dystopian-new-app/
103,SHAKE IT,iPhone trick shows how you can know exactly who is messaging you without looking,https://www.thesun.co.uk/tech/21598858/amazing-iphone-trick-know-messaging/
